{
  "project_info": {
    "project_number": "229267222080",
    "firebase_url": "https://prueba1-1f30a.firebaseio.com",
    "project_id": "prueba1-1f30a",
    "storage_bucket": "prueba1-1f30a.appspot.com"
  },
  "client": [
    {
      "client_info": {
        "mobilesdk_app_id": "1:229267222080:android:b44396ae794b8f2d5ff9a5",
        "android_client_info": {
          "package_name": "com.example.prueba1"
        }
      },
      "oauth_client": [
        {
          "client_id": "229267222080-4jmv8u3q2tqucrcg8alafj98jo45omde.apps.googleusercontent.com",
          "client_type": 1,
          "android_info": {
            "package_name": "com.example.prueba1",
            "certificate_hash": "89bba508e53beab67ca626566bc2aa52dbaeba48"
          }
        },
        {
          "client_id": "229267222080-fffic0p9c38ftp99dsnis5t64tr507sb.apps.googleusercontent.com",
          "client_type": 3
        }
      ],
      "api_key": [
        {
          "current_key": "AIzaSyAqLrILePeVqCcoNd02wBMVfuOojOXK9FY"
        }
      ],
      "services": {
        "appinvite_service": {
          "other_platform_oauth_client": [
            {
              "client_id": "229267222080-fffic0p9c38ftp99dsnis5t64tr507sb.apps.googleusercontent.com",
              "client_type": 3
            }
          ]
        }
      }
    }
  ],
  "configuration_version": "1"
}